SMEW data output,,accepted dims,,,,,,
,"Questions related to ""mol"" vs ""mol-conv"" confusion","time, site, feedstock, min, []",,,,,,
,Other questions,(note: [] denotes None),,,,,,
,,,,,,,,
,,,,,,,,
short_name,long_name,units,,dims,save,sometimes_absent,is_dim,dict
L,water export out of column,m d-1,,time,Y,N,N,outdict
T,transpiration,m d-1,,time,Y,N,N,outdict
I,water infiltration (P minus surface runoff),m,,time,Y,N,N,outdict
v,plant biomass,g m-2,,time,Y,N,N,outdict
k_v,plant biomass carrying capacity,g m-2,,[],Y,N,N,outdict
RAI,root area index,m2 m-2,,[],Y,N,N,outdict
root_d,average root diameter,m,,[],Y,N,N,outdict
r_het,heterotrophic respiration rate,umol m-2 d-1,,time,Y,N,N,outdict
r_aut,autotrophic respiration rate,umol m-2 d-1,,time,Y,N,N,outdict
D,diffusive flux of CO2,??,,time,Y,N,N,outdict
temp_soil,temperature of the soil,deg C,,time,Y,N,N,outdict
pH_in,initial pH of soil water,unitless,,[],N,N,N,outdict
conc_in,"initial concentration of cations in order: Ca, Mg, K, Na, Al_w",mol L-1,,[],N,N,N,outdict
f_CEC_in,"initial fraction of exchange sites with sorbed species in order: Ca, Mg, K, Na, Al, H",unitless,,[],N,N,N,outdict
K_CEC_in,"Gaines-Thomas CEC coefficients in order: Ca-Mg, Ca-K, Ca-Na, Ca-Al, Ca-H",unitless,,[],N,N,N,outdict
Si_in,initial concentration of silica in soil water,mol L-1,,[],N,N,N,outdict
CaCO3_in,initial mass of calcium carbonate in soil,g m-2,,[],N,N,N,outdict
MgCO3_in,initial mass of magnesium carbonate in soil,g m-2,,[],N,N,N,outdict
mineral,minerals in feedstock added to soil (array),unitless,,mineral,Y,N,Y,outdict
rock_f_in,mineral weight fraction in feedstock (order of values corresponds with `mineral`),unitless,,mineral,Y,N,N,outdict
d_in,grain diameter classes (order of values corresponds with `mineral`),m,,mineral,Y,N,N,outdict
psd_perc_in,"particle ""sediment diameter"" weight (order of values corresponds with `mineral`)",unitless,,mineral,Y,N,N,outdict
SSA_in,initial specific surface area classes (order of values corresponds with `mineral`),m2 g-1,,mineral,Y,N,N,outdict
diss_f,dissolution factor (tunable parameter),unitless,,[],Y,N,N,outdict
dt,time resolution ,d,,[],Y,N,N,outdict
conv_mol,factor to convert mol to micromol,unitless,,[],N,N,N,outdict
keyword_add,"switch: 1=balance background cation+anion losses with inputs (e.g., from rain, litterfall, background wx, etc); 0=no addition",unitless,,[],Y,N,N,outdict
pH,soil water pH,unitless,,time,Y,N,N,outdict
UP_Ca,active plant uptake of Ca during growth,umol d-1,,time,Y,N,N,outdict
Omega_CaCO3,saturation state with respect to calcium carbonate,unitless,,time,Y,N,N,outdict
CaCO3,mass of calcium carbonate in soil,umol,,time,Y,N,N,outdict
W_CaCO3,cation release flux from non-feedstock calcium carbonate dissolution (positive=dissolution; negative=precipitation),umol m-2 d-1,,time,Y,N,N,outdict
UP_Mg,active plant uptake of Mg during growth,umol d-1,,time,Y,N,N,outdict
Omega_MgCO3,saturation state with respect to magnesium carbonate,unitless,,time,Y,N,N,outdict
MgCO3,mass of magnesium carbonate in soil,umol,,time,Y,N,N,outdict
W_MgCO3,cation release flux from non-feedstock magnesium carbonate dissolution (positive=dissolution; negative=precipitation),umol m-2 d-1,,time,Y,N,N,outdict
UP_K,active plant uptake of K during growth,umol d-1,,time,Y,N,N,outdict
Si,silicon concentration in soil water,umol L-1,,time,Y,N,N,outdict
Si_tot,"silicon mass balance (aqueous only, no sorbed silicon)",mol,,time,Y,N,N,outdict
UP_Si,active plant uptake of Si during growth,umol d-1,,time,Y,N,N,outdict
root_ex,(not yet implemented? Defined in biogeochem.py but doesn't appear to be calculated),,,[],N,N,N,outdict
An,conservative anion concentration in water,umol L-1,,time,Y,N,N,outdict
An_tot,"conservative anion mass balance (aqueous only, no sorbed anions)",mol_c,,time,Y,N,N,outdict
CO2_air,concentration of CO2 in soil air,ppmv???,,time,Y,N,N,outdict
HCO3,concentration of HCO3- in soil water,mol L-1,,time,Y,N,N,outdict
CO3,concentration of CO3-- in soil water,mol L-1,,time,Y,N,N,outdict
DIC,concentration of total dissolved inorganic carbon in soil water,mol L-1,,time,Y,N,N,outdict
Fs,diffusive flux of CO2 out top of soil column,mol d-1,,time,Y,N,N,outdict
ADV,advective flux(??) of CO2 ,mol,,time,Y,N,N,outdict
DIC_rain,dissolved inorganic carbon concentration of infiltrating water,mol L-1,,time,Y,N,N,outdict
AlOH,concentration of AlOH++ in soil water,mol L-1,,time,Y,N,N,outdict
AlOH2,concentration of AlOH2+ in soil water,mol L-1,,time,Y,N,N,outdict
AlOH3,concentration of AlOH3 in soil water,mol L-1,,time,Y,N,N,outdict
AlOH4,concentration of AlOH4- in soil water,mol L-1,,time,Y,N,N,outdict
M_rock,"mass of feedstock in soil column (total feedstock, not mineral-specific; for mineral-specific mass see `M_min`)",g m-2,,time,Y,N,N,outdict
SA,"feedstock surface area (total feedstock, not mineral specific)",m2,,time,Y,N,N,outdict
EW,"??? Paper suggests this is the cation release flux due to feedstock weathering, but code indicates that EW has shape [n_minerals, t], not [n_cations, t]??",mol d-1,,"mineral, time",Y,N,N,outdict
min_st,"stoichiometric coefficients for each mineral in feedstock (shape [n_mineral, 6] where the 6 is: Ca, Mg, K, Na, Al, Si; in that order)",unitless,,"mineral, nutr",N,N,N,outdict
d,"grain diameter evolution (shape [n_minerals, time])",m,,"mineral, time",Y,N,N,outdict
delta_d,??? Not totally sure what this is — in my test run it's identical to `d`,???,,"mineral, time",Y,N,N,outdict
lamb,"??? Is this the roughness factor? (shape [n_mineral, time])",unitless,,"mineral, time",Y,N,N,outdict
SSA,"specific surface area (shape [n_mineral, time])",m2 g-1,,"mineral, time",Y,N,N,outdict
psd,"particle sediment diameter (not size distribution) (shape[n_mineral, time])",g m-1,,"mineral, time",Y,N,N,outdict
number_min,number of minerals represented in feedstock (should be `len(mineral)`),unitless,,[],Y,Y,N,outdict
rho_min,"??? Mineral density, Unused? Defined in biogeochem.py but commented out in constants.py",,,[],N,N,N,outdict
MM_min,molar mass of mineral (shape[n_mineral]),g mol-1,,mineral,Y,Y,N,outdict
E_H,mineral-specific activation energy for acid mechanism (shape[n_mineral]),kJ mol-1,,mineral,N,N,N,outdict
E_w,mineral-specific activation energy for water mechanism (shape[n_mineral]),kJ mol-1,,mineral,N,N,N,outdict
E_OH,mineral_specific activation energy for OH mechanism (shape[n_mineral]),kJ mol-1,,mineral,N,N,N,outdict
n_H,reaction order for acid dissolution (shape[n_mineral]) ,unitless,,mineral,N,N,N,outdict
n_OH,reaction order for OH dissolution (shape[n_mineral]),unitless,,mineral,N,N,N,outdict
K_sp,dissolution equilibrium constant ,(variable units),,[],N,N,N,outdict
k_diss_H_t,"reaction rate for acid mechanism (shape[n_mineral, time])",umol m-2 d-1,,"mineral, time",Y,Y,N,outdict
k_diss_w_t,"reaction rate for water mechanism (shape[n_mineral, time])",umol m-2 d-1,,"mineral, time",Y,Y,N,outdict
k_diss_OH_t,"reaction rate for OH mechanism (shape[n_mineral, time])",umol m-2 d-1,,"mineral, time",Y,Y,N,outdict
Omega,"saturation state with respect to feedstock mineral (shape[n_mineral, time])",unitless,,"mineral, time",Y,Y,N,outdict
M_min,"mass of feedstock mineral in soil column (shape[n_mineral, time]; for full feedstock mass see `M_rock`)",g m-2,,"mineral, time",Y,Y,N,outdict
rock_f,"mineral weight fraction in feedstock (shape[n_mineral, time])",unitless,,"mineral, time",Y,Y,N,outdict
Wr,"mineral-specific weathering-rate (shape[n_mineral, time])",umol m-2 d-1,,"mineral, time",Y,Y,N,outdict
n_d_cl,number of mineral diameter classes in feedstock,unitless,,[],N,Y,N,outdict
errors,"errors from system of 16 equations (shape[n_equations, time])",?? mol L-1,,"equations, time",N,N,N,outdict
CO2_atm,atmospheric CO2 concentration (single value),mol L-1 air,,[],Y,N,N,outdict
T_K,soil temperature,deg K,,time,N,N,N,outdict
D_0,free-air diffusivity (constant),m2 d-1,,[],N,N,N,outdict
Dw_0,solute diffusivity in soil water (constant),m2 d-1,,[],N,N,N,outdict
Dw,solute diffusion coefficient(??),??? Same as Dw_0?,,[],N,N,N,outdict
MM_Mg,molar mass of Mg2+ (constant),g umol-1,,[],N,N,N,outdict
MM_Ca,molar mass of Ca2+ (constant),g umol-1,,[],N,N,N,outdict
MM_Na,molar mass of Na+ (constant),g umol-1,,[],N,N,N,outdict
MM_K,molar mass of K+ (constant),g umol-1,,[],N,N,N,outdict
MM_Si,molar mass of Si (constant),g umol-1,,[],N,N,N,outdict
MM_C,molar mass of C (constant),g umol-1,,[],N,N,N,outdict
MM_Anions,molar mass of conservative anions (constant),g umol-1,,[],N,N,N,outdict
MM_Al,molar mass of Al (constant),g umol-1,,[],N,N,N,outdict
v_f_Ca,fraction of Ca in plant dry matter (constant) (current values taken from Kelland et al. 2020 for Sorghum),unitless,,[],N,N,N,outdict
v_f_Mg,fraction of Mg in plant dry matter (constant) (current values taken from Kelland et al. 2020 for Sorghum),unitless,,[],N,N,N,outdict
v_f_K,fraction of K in plant dry matter (constant) (current values taken from Kelland et al. 2020 for Sorghum),unitless,,[],N,N,N,outdict
v_f_Si,fraction of Si in plant dry matter (constant) (current values taken from Kelland et al. 2020 for Sorghum),unitless,,[],N,N,N,outdict
dry_perc,percent of dry plant mass (constant),?? Is this a fraction or a percent?,,[],N,N,N,outdict
xi,"nutrient concentration in dry biomass (shape[nutrients]; order: Ca, Mg, K, Si)",umol g-1 dry biomass,,nutr,N,N,N,outdict
K_CaCO3,calcium carbonate solubility product (constant),,,[],N,N,N,outdict
K_MgCO3,magnesium carbonate solubility product (constant),,,[],N,N,N,outdict
r_CaCO3,calcium carbonate precipitation rate (constant),umol d-1,,[],N,N,N,outdict
r_MgCO3,magnesium carbonate precipitation rate (constant),umol d-1,,[],N,N,N,outdict
tau_CaCO3,calcium carbonate dissolution timescale (constant),d,,[],N,N,N,outdict
tau_MgCO3,magnesium carbonate dissolution timescale (constant),d,,[],N,N,N,outdict
j,??? Mineral index from for loop?,,,[],N,N,N,outdict
rho_rock,"rock density (constant, feedstock agnostic)",g m-3,,[],N,N,N,outdict
b,parameter for roughness calculation,unitless,,[],N,N,N,outdict
a,parameter for roughness calculation,1 m-b,,[],N,N,N,outdict
Z_CO2,??? Parameter for co2 diffusivity calculation?,?? m,,[],N,N,N,outdict
I_An,"background input rate of conservative anions (e.g., through rain, litterfall, background weathering, etc)",mol_c d-1,,[],Y,N,N,outdict
I_Ca,"background input rate of Ca2+ (e.g., through rain, litterfall, background weathering, etc)",mol d-1,,[],Y,N,N,outdict
I_Mg,"background input rate of Mg2+ (e.g., through rain, litterfall, background weathering, etc) (constant)",mol d-1,,[],Y,N,N,outdict
I_Na,"background input rate of Na+ (e.g., through rain, litterfall, background weathering, etc) (constant)",mol d-1,,[],Y,N,N,outdict
I_K,"background input rate of K+ (e.g., through rain, litterfall, background weathering, etc) (constant)",mol d-1,,[],Y,N,N,outdict
I_Si,"background input rate of Si (e.g., through rain, litterfall, background weathering, etc) (constant)",mol d-1,,[],Y,N,N,outdict
M_iner,??? Is this the fraction of inert material in the feedstock? How is it prescribed?,g m-2,,time,N,N,N,outdict
printcounter,??? Assuming I can safely ignore?,,,,N,N,N,outdict
numb_print,??? Assuming I can safely ignore?,,,,N,N,N,outdict
UP_act,??? Ignore (value(s) apply solely to last timestep?),,,,N,N,N,outdict
R_alk0,??? Ignore (value(s) apply solely to last timestep?),,,,N,N,N,outdict
Al_w0,??? Ignore (value(s) apply solely to last timestep?),,,,N,N,N,outdict
Al0,??? Ignore (value(s) apply solely to last timestep?),,,,N,N,N,outdict
Mg0,??? Ignore (value(s) apply solely to last timestep?),,,,N,N,N,outdict
Na0,??? Ignore (value(s) apply solely to last timestep?),,,,N,N,N,outdict
Ca0,??? Ignore (value(s) apply solely to last timestep?),,,,N,N,N,outdict
K0,??? Ignore (value(s) apply solely to last timestep?),,,,N,N,N,outdict
H0,??? Ignore (value(s) apply solely to last timestep?),,,,N,N,N,outdict
H0_2,??? Ignore (value(s) apply solely to last timestep?),,,,N,N,N,outdict
x0,??? Ignore (value(s) apply solely to last timestep?),,,,N,N,N,outdict
sol,??? Ignore (value(s) apply solely to last timestep?),,,,N,N,N,outdict
res_threshold,error threshold for solution (constant),,,,N,N,N,outdict
d_shrink,??? Ignore (value(s) apply solely to last timestep?),,,,N,N,N,outdict
k,??? Ignore (value(s) apply solely to last timestep?),,,,N,N,N,outdict
Al,aluminum concentration in soil water,umol L-1,,time,Y,N,N,outdict
Al_tot,aluminum mass balance (aqueous + sorbed),mol,,time,Y,N,N,outdict
Al_w,??? aluminum mass balance in mobile phase,mol,,time,Y,N,N,outdict
Alk,alkalinity concentration in soil water,umol L-1,,time,Y,N,N,outdict
Alk0,??? Ignore (value(s) apply solely to last timestep?),,,,N,N,N,outdict
Alk_rain,"alkalinity concentration of rainfall (constant, hard-coded at zero)",mol L-1,,,N,N,N,outdict
Alk_tot,alkalinity mass balance (aqueous + sorbed),mol_c,,time,Y,N,N,outdict
CEC_tot,cation exchange capacity in soil column (constant),mol_c,,[],Y,N,N,outdict
CO2_w,concentration of dissolved CO2 in soil water,mol L-1,,time,Y,N,N,outdict
CO2_w0,??? Ignore (value(s) apply solely to last timestep?),,,,N,N,N,outdict
CO2_w_rain,concentration of dissolved CO2 in rain water,mol L-1,,time,Y,N,N,outdict
Ca,concentration of calcium in soil water ,mol L-1,,time,Y,N,N,outdict
Ca_tot,calcium mass balance in soil water (aqueous + sorbed),mol,,time,Y,N,N,outdict
H,concentration of hydrogen ions in soil water,mol L-1,,time,Y,N,N,outdict
H_rain,concentration of hydrogen ions in rain water,mol L-1,,time,Y,N,N,outdict
IC_tot,inorganic carbon mass balance,mol,,time,Y,N,N,outdict
K,concentration of potassium in soil water,mol L-1,,time,Y,N,N,outdict
K1,K1 for aluminum speciation,,,,N,N,N,outdict
K2,K2 for aluminum speciation,,,,N,N,N,outdict
K3,K3 for aluminum speciation,,,,N,N,N,outdict
K4,K4 for aluminum speciation,,,,N,N,N,outdict
K_Ca_Al,Gaines-Thomas CEC coefficient for Ca-Al (constant),conc-1,,,N,N,N,outdict
K_Ca_H,Gaines-Thomas CEC coefficient for Ca_H (constant),conc,,,N,N,N,outdict
K_Ca_K,Gaines-Thomas CEC coefficient for Ca-K (constant),conc,,,N,N,N,outdict
K_Ca_Mg,Gaines-Thomas CEC coefficient for Ca-Mg (constant),conc,,,N,N,N,outdict
K_Ca_Na,Gaines-Thomas CEC coefficient for Ca-Na (constanta),conc,,,N,N,N,outdict
K_tot,potassium mass balance (aqueous + sorbed),mol,,time,Y,N,N,outdict
Mg,concentration of magnesium in soil water,mol L-1,,time,Y,N,N,outdict
Mg_tot,magnesium mass balance (aqueous + sorbed),mol,,time,Y,N,N,outdict
Na,concentration of sodium in soil water,mol L-1,,time,Y,N,N,outdict
Na_tot,sodium mass balance (aqueous + sorbed),mol,,time,Y,N,N,outdict
R_alk,reserve (sorbed) alkalinity (sum of sorbed cation fractions multiplied by CEC_tot),mol_c,,time,Y,N,N,outdict
Zr,soil column depth (constant),m,,[],Y,N,N,outdict
conv_Al,factor to convert mol to nanomol for aluminum (constant),unitless,,,N,N,N,outdict
f_Ca,fraction of exchange sites occupied by calcium,unitless,,time,Y,N,N,outdict
f_Al,fraction of exchange sites occupied by aluminum,unitless,,time,Y,N,N,outdict
f_H,fraction of exchange sites occupied by hydrogen ions,unitless,,time,Y,N,N,outdict
f_K,fraction of exchange sites occupied by potassium,unitless,,time,Y,N,N,outdict
f_Mg,fraction of exchange sites occupied by magnesium,unitless,,time,Y,N,N,outdict
f_Na,fraction of exchange sites occupied by sodium,unitless,,time,Y,N,N,outdict
i,??? Ignore? Index from for loop,,,,N,N,N,outdict
k1,k1 for carbonate speciation (constant),,,,N,N,N,outdict
k2,k2 for carbonate speciation (constant),,,,N,N,N,outdict
k_H,kH for carbonate speciation,,,,N,N,N,outdict
k_w,kw for carbonate speciation,,,,N,N,N,outdict
n,soil porosity (constant),unitless,,[],Y,N,N,outdict
s,soil moisture,m3 m-3,,time,Y,N,N,outdict
time,time,d,,time,Y,N,Y,outdict
site,site,unitless,,site,Y,Y,Y,rundict
sitename,name of climate site,unitless,,site,N,Y,N,rundict
feedstock,name of feedstock applied,unitless,,feedstock,Y,N,Y,rundict
feedstock_name,name of feedstock applied,unitless,,feedstock,N,N,N,rundict
latitude,latitude of site,deg N,,site,Y,N,N,rundict
longitude,longitude of site,deg E,,site,Y,Y,N,rundict
albedo,albedo of site,unitless,,site,Y,N,N,rundict
atm_co2_ppm,concentration of CO2 in atmosphere,ppmv,,[],Y,N,N,rundict
soil_co2_ppm,initial concentration of CO2 in the soil,ppmv,,[],N,N,N,rundict
T_v,vegetation growth time,d,,[],N,N,N,rundict
runname,name of simulation,unitless,,runname,Y,N,N,rundict
control,"boolean indicating whether this is a control simulation (e.g., no rock application)",unitless,,[],Y,N,N,rundict
temp_air,temperature of air,deg C,,time,Y,N,N,rundict
ET0,potential evapo(transpir)ation,m d-1,,time,Y,N,N,rundict
rain,total precipitation per time step,m,,time,Y,N,N,rundict
time,time,d,,time,Y,N,Y,rundict
t,time,d,,time,N,N,Y,rundict
v,plant biomass,g m-2,,time,Y,N,N,rundict
E,evaporation rate,m d-1,,time,Y,N,N,rundict
Q,total surface runoff per timestep (Q = rain - I),m,,time,Y,N,N,rundict
s_w,soil moisture wilting point (constant),m3 m-3,,[],N,N,N,rundict
s_i,??? Soil moisture for maximum transpiration (constant),m3 m-3,,[],N,N,N,rundict
I,total infiltration of water into soil column per timestep (I = rain - Q),m,,time,Y,N,N,rundict
Irr,Irrigation flux (not yet implemented in model),???,,time,N,N,N,rundict
SOC,soil organic carbon mass balance ,gC m-3,,time,Y,N,N,rundict
CEC_tot_cmol,cation exchange capacity per 100 g of soil (constant),mmol_c / 100g,,[],Y,N,N,rundict
M_rock_in,mass of rock applied to field,g m-2,,app_t_per_ha,N,N,N,rundict
climfn,name of climate file used,unitless,,[],Y,Y,N,rundict
app_t_per_ha,mass of rock applied to field,tonne ha-1,,app_t_per_ha,Y,N,Y,rundict